{"records": [
    {
        "jsonSchemaLocation": "/fileUpload/Service Descriptors/fileupload.processUploadFile-svcFileUpload.json",
        "conversionType": "linked",
        "xsdSchemaTargetNamespace": "http://www.example.com/namespaces/tns/1636656355360"
    },
    {
        "jsonSchemaLocation": "/fileUpload/Service Descriptors/fileupload.processUploadFile-svcFileUpload.json",
        "conversionType": "linked",
        "xsdSchemaTargetNamespace": "http://tns.tibco.com/bw/json/1637160890694"
    }
]}