<?xml version="1.0" encoding="UTF-8"?><map>
	<obj id="_vw-bZEUvEeeqOMeGx-7jDA" name="Xait Login" x="269" y="160" width="96" height="64"/>
	<obj id="_VBC0EEU6EeeqOMeGx-7jDA" name="Login" x="130" y="160" width="96" height="64"/>
	<obj id="_gWtr0EU6EeeqOMeGx-7jDA" name="Create Project Details" x="609" y="160" width="96" height="64"/>
	<obj id="_jIxA4EekEeeXcIT5hYU9Mg" name="Create Project" x="782" y="160" width="96" height="64"/>
	<obj id="_j665wUeoEeeXcIT5hYU9Mg" name="Project Created" x="944" y="160" width="96" height="64"/>
	<obj id="_cQquMEn1EeeP4bIP09TCVg" name="Search Projects" x="442" y="160" width="96" height="64"/>
	<obj id="_pWdkIEoTEeeP4bIP09TCVg" name="Duplicate Project" x="782" y="51" width="96" height="64"/>
	<obj id="_nyQZ4EooEeeP4bIP09TCVg" name="Create new Document" x="771" y="409" width="96" height="64"/>
	<obj id="_rAyycEooEeeP4bIP09TCVg" name="Document Created" x="944" y="409" width="96" height="64"/>
	<obj id="_3hxSIFKsEee8BK62b4jmXw" name="Read Project" x="782" y="264" width="96" height="64"/>
	<obj id="_4z950FKsEee8BK62b4jmXw" name="Project Details" x="944" y="264" width="96" height="64"/>
	<obj id="_tQMgtUUvEeeqOMeGx-7jDA" name="Start Event" x="30" y="177" width="58" height="47"/>
	<obj id="_tQMgtkUvEeeqOMeGx-7jDA" name="End Event" x="1100" y="426" width="54" height="47"/>
	<obj id="_tQMgtEUvEeeqOMeGx-7jDA" name="Lane" x="0" y="0" width="0" height="0"/>
	<obj id="_tQMgs0UvEeeqOMeGx-7jDA" name="Pool" x="0" y="0" width="0" height="0"/>
</map>
