{
    "records": [],
    "resources": [
        {
            "location": "Service Descriptors/xaitproposal.xaitLogin-xaitLogin.json",
            "type": "generated"
        },
        {
            "location": "Service Descriptors/xaitproposal.xaitCreateProject-xaitCreateProject.json",
            "type": "generated"
        },
        {
            "location": "Service Descriptors/xaitproposal.xaitCreateDuplicateProject-xaitCreateDuplicateProject.json",
            "type": "generated"
        },
        {
            "location": "Service Descriptors/xaitproposal.xaitListProjects-xaitListProjects.json",
            "type": "generated"
        },
        {
            "location": "Service Descriptors/xaitproposal.xaitCreateNewDocument-xaitCreateNewDocument.json",
            "type": "generated"
        },
        {
            "location": "Service Descriptors/xaitproposal.xaitListDocuments-xaitListDocuments.json",
            "type": "generated"
        },
        {
            "location": "Service Descriptors/xaitproposal.xaitReadSections-xaitReadSections.json",
            "type": "generated"
        },
        {
            "location": "Service Descriptors/xaitproposal.xaitCreatePDF-xaitCreatePDF.json",
            "type": "generated"
        },
        {
            "location": "Service Descriptors/xaitproposal.invoicxeAndCollect-invoicxeAndCollect.json",
            "type": "generated"
        }
    ]
}