{
    "items":[
        {
            "$param":"ForceSave",
            "$value":true
        },
        {
            "$param":"ProjectType",
            "$value":"Text"
        },
        {
            "$param":"ProjectName",
            "$value":"Text"
        },
        {
            "$param":"FormId",
            "$value":"Text"
        },
        {
            "$param":"csrf_token",
            "$value":"Text"
        },
        {
            "$param":"cookie",
            "$value":"Text"
        },
        {
            "$param":"AvailableProjects",
            "$value":{
                "$type":"com.example.proposal_poc_ldata.ProjectSearchResults",
                "results":[
                    {
                        "$type":"com.example.proposal_poc_ldata.ProjectSearchResult",
                        "projectName":"projectName0",
                        "projectId":"projectId0"
                    },
                    {
                        "$type":"com.example.proposal_poc_ldata.ProjectSearchResult",
                        "projectName":"projectName1",
                        "projectId":"projectId1"
                    },
                    {
                        "$type":"com.example.proposal_poc_ldata.ProjectSearchResult",
                        "projectName":"projectName2",
                        "projectId":"projectId2"
                    },
                    {
                        "$type":"com.example.proposal_poc_ldata.ProjectSearchResult",
                        "projectName":"projectName3",
                        "projectId":"projectId3"
                    }
                ]
            }
        },
        {
            "$param":"DuplicateFromId",
            "$value":"Text"
        },
        {
            "$param":"action",
            "$value":"Text"
        },
        {
            "$param":"ProjectId",
            "$value":"Text"
        },
        {
            "$param":"query",
            "$value":"Text"
        }
    ]
}