{
  "swagger" : "2.0",
  "info" : {
    "version" : "1.0",
    "title" : "Summary about the new REST service.",
    "description" : "Summary about the new REST service."
  },
  "host" : "localhost:9999",
  "basePath" : "/",
  "schemes" : [ "http" ],
  "paths" : {
    "/search/default.json" : {
      "post" : {
        "description" : "",
        "operationId" : "post-search-default-json",
        "consumes" : [ "application/json" ],
        "produces" : [ "application/json" ],
        "parameters" : [ {
          "name" : "body",
          "in" : "body",
          "description" : "",
          "schema" : {
            "$ref" : "#/definitions/listProjectElement"
          },
          "required" : true
        } ],
        "responses" : {
          "200" : {
            "description" : "a listProjectElement to be returned",
            "schema" : {
              "$ref" : "#/definitions/listProjectElement"
            }
          }
        }
      }
    }
  },
  "definitions" : {
    "request" : {
      "type" : "object",
      "properties" : {
        "query" : {
          "type" : "string"
        },
        "type" : {
          "type" : "string"
        },
        "page" : {
          "type" : "string"
        },
        "start" : {
          "type" : "string"
        },
        "limit" : {
          "type" : "string"
        },
        "csrf_token" : {
          "type" : "string"
        },
        "cookie" : {
          "type" : "string"
        }
      }
    },
    "response" : {
      "type" : "object",
      "properties" : {
        "project_name" : {
          "type" : "string"
        },
        "project_id" : {
          "type" : "string"
        }
      }
    },
    "listProjectElement" : {
      "type" : "object",
      "properties" : {
        "request" : {
          "$ref" : "#/definitions/request"
        },
        "response" : {
          "type" : "array",
          "items" : {
            "$ref" : "#/definitions/response",
            "uniqueItems" : false
          }
        }
      }
    }
  }
}