{
  "swagger" : "2.0",
  "info" : {
    "version" : "1.0",
    "title" : "Summary about the new REST service.",
    "description" : "Summary about the new REST service."
  },
  "host" : "localhost:9999",
  "basePath" : "/",
  "schemes" : [ "http" ],
  "paths" : {
    "/getsectionpdf" : {
      "post" : {
        "description" : "",
        "operationId" : "post-getsectionpdf",
        "consumes" : [ "application/json" ],
        "produces" : [ "application/json" ],
        "parameters" : [ {
          "name" : "body",
          "in" : "body",
          "description" : "",
          "schema" : {
            "$ref" : "#/definitions/createSectionPDFElement"
          },
          "required" : true
        } ],
        "responses" : {
          "200" : {
            "description" : "a createSectionPDFElement to be returned",
            "schema" : {
              "$ref" : "#/definitions/createSectionPDFElement"
            }
          }
        }
      }
    }
  },
  "definitions" : {
    "request" : {
      "type" : "object",
      "properties" : {
        "sectionId" : {
          "type" : "string"
        },
        "csrf_token" : {
          "type" : "string"
        },
        "cookie" : {
          "type" : "string"
        }
      }
    },
    "response" : {
      "type" : "object",
      "properties" : {
        "success" : {
          "type" : "boolean"
        }
      }
    },
    "createSectionPDFElement" : {
      "type" : "object",
      "properties" : {
        "request" : {
          "$ref" : "#/definitions/request"
        },
        "response" : {
          "$ref" : "#/definitions/response"
        }
      }
    }
  }
}