{
  "swagger" : "2.0",
  "info" : {
    "version" : "1.0",
    "title" : "Summary about the new REST service.",
    "description" : "Summary about the new REST service."
  },
  "host" : "localhost:9999",
  "basePath" : "/",
  "schemes" : [ "http" ],
  "paths" : {
    "/xaitreadproject" : {
      "post" : {
        "description" : "",
        "operationId" : "post-xaitreadproject",
        "consumes" : [ "application/json" ],
        "produces" : [ "application/json" ],
        "parameters" : [ {
          "name" : "body",
          "in" : "body",
          "description" : "",
          "schema" : {
            "$ref" : "#/definitions/readProjectElement"
          },
          "required" : true
        } ],
        "responses" : {
          "200" : {
            "description" : "a readProjectElement to be returned",
            "schema" : {
              "$ref" : "#/definitions/readProjectElement"
            }
          }
        }
      }
    }
  },
  "definitions" : {
    "request" : {
      "type" : "object",
      "properties" : {
        "form_id" : {
          "type" : "string"
        },
        "show_titlepage" : {
          "type" : "string"
        },
        "force_save" : {
          "type" : "boolean"
        },
        "title" : {
          "type" : "string"
        },
        "csrf_token" : {
          "type" : "string"
        },
        "cookie" : {
          "type" : "string"
        },
        "project_id" : {
          "type" : "string"
        },
        "document_id" : {
          "type" : "string"
        }
      }
    },
    "readProjectElement" : {
      "type" : "object",
      "properties" : {
        "request" : {
          "$ref" : "#/definitions/request"
        },
        "response" : {
          "$ref" : "#/definitions/response"
        }
      }
    },
    "response" : {
      "type" : "object",
      "properties" : {
        "sections" : {
          "type" : "array",
          "items" : {
            "type" : "string",
            "uniqueItems" : false
          }
        }
      }
    }
  }
}