{
  "swagger" : "2.0",
  "info" : {
    "version" : "1.0",
    "title" : "Summary about the new REST service.",
    "description" : "Summary about the new REST service."
  },
  "host" : "localhost:9999",
  "basePath" : "/",
  "schemes" : [ "http" ],
  "paths" : {
    "/xaitgettoken" : {
      "post" : {
        "description" : "",
        "operationId" : "post-xaitgettoken",
        "consumes" : [ "application/json" ],
        "produces" : [ "application/json" ],
        "parameters" : [ {
          "name" : "body",
          "in" : "body",
          "description" : "",
          "schema" : {
            "$ref" : "#/definitions/loginRequestElement"
          },
          "required" : true
        } ],
        "responses" : {
          "200" : {
            "description" : "a string to be returned",
            "schema" : {
              "type" : "string"
            }
          }
        }
      }
    }
  },
  "definitions" : {
    "loginRequestElement" : {
      "type" : "object",
      "required" : [ "password", "usaername", "form_id" ],
      "properties" : {
        "usaername" : {
          "type" : "string"
        },
        "password" : {
          "type" : "string"
        },
        "form_id" : {
          "type" : "string"
        }
      }
    }
  }
}