{
  "swagger" : "2.0",
  "info" : {
    "version" : "1.0",
    "title" : "xaitLogin",
    "description" : "Summary about the new REST service."
  },
  "host" : "localhost:9999",
  "basePath" : "/",
  "schemes" : [ "http" ],
  "paths" : {
    "/xaitlogin" : {
      "post" : {
        "summary" : "",
        "description" : "",
        "operationId" : "post-xaitlogin",
        "consumes" : [ "application/json" ],
        "produces" : [ "application/json" ],
        "parameters" : [ {
          "name" : "body",
          "in" : "body",
          "description" : "",
          "schema" : {
            "$ref" : "#/definitions/getLoginTokenElement"
          },
          "required" : true
        } ],
        "responses" : {
          "200" : {
            "description" : "a getLoginTokenElement to be returned",
            "schema" : {
              "$ref" : "#/definitions/getLoginTokenElement"
            }
          }
        }
      }
    }
  },
  "definitions" : {
    "request" : {
      "type" : "object",
      "properties" : {
        "usaername" : {
          "type" : "string"
        },
        "password" : {
          "type" : "string"
        },
        "form_id" : {
          "type" : "string"
        }
      }
    },
    "response" : {
      "type" : "object",
      "required" : [ "cookie", "csrf_token" ],
      "properties" : {
        "csrf_token" : {
          "type" : "string"
        },
        "cookie" : {
          "type" : "string"
        }
      }
    },
    "getLoginTokenElement" : {
      "type" : "object",
      "properties" : {
        "request" : {
          "$ref" : "#/definitions/request"
        },
        "response" : {
          "$ref" : "#/definitions/response"
        }
      }
    }
  }
}