{"records": [
    {
        "jsonSchemaLocation": "/icd10Codes.module/Service Descriptors/icd10codes.module.getCodeDescription-getCodeDescription.json",
        "conversionType": "linked",
        "xsdSchemaTargetNamespace": "http://tns.tibco.com/bw/json/1605903704381"
    },
    {
        "jsonSchemaLocation": "/icd10Codes.module/Service Descriptors/icd10codes.module.getCodeDescription-getCodeDescription.json",
        "conversionType": "linked",
        "xsdSchemaTargetNamespace": "http://tns.tibco.com/bw/json/1605903738245"
    }
]}