{
  "swagger" : "2.0",
  "info" : {
    "version" : "1.0",
    "title" : "getCodeDescription",
    "description" : "getCodeDescription service"
  },
  "host" : "localhost:8080",
  "basePath" : "/",
  "schemes" : [ "http" ],
  "paths" : {
    "/getcodedescription" : {
      "post" : {
        "summary" : "postGetCodeDescription",
        "description" : "postGetCodeDescription",
        "operationId" : "post-getcodedescription",
        "consumes" : [ "application/json" ],
        "produces" : [ "application/json" ],
        "parameters" : [ {
          "name" : "body",
          "in" : "body",
          "description" : "",
          "schema" : {
            "$ref" : "#/definitions/getCodeDescriptionRequestElement"
          },
          "required" : true
        } ],
        "responses" : {
          "200" : {
            "description" : "a getCodeDescriptionReplyElement to be returned",
            "schema" : {
              "type" : "array",
              "items" : {
                "$ref" : "#/definitions/getCodeDescriptionReplyElement",
                "uniqueItems" : false
              }
            }
          }
        }
      }
    }
  },
  "definitions" : {
    "getCodeDescriptionReplyElement" : {
      "type" : "object",
      "properties" : {
        "description" : {
          "type" : "string"
        },
        "code" : {
          "type" : "string"
        }
      }
    },
    "getCodeDescriptionRequestElement" : {
      "type" : "object",
      "properties" : {
        "codeType" : {
          "type" : "string"
        },
        "code" : {
          "type" : "string"
        }
      }
    }
  }
}