<?xml version="1.0" encoding="UTF-8" standalone="no"?><index projectname="proposal_poc"><modelcontainer priority="100" title="Processes"><iconpath><![CDATA[Process Model/images/BusinessProcessIcon.gif]]></iconpath><model><thumbnailpath><![CDATA[Process Model/images/_rYsMgEUvEeeqOMeGx-7jDA_proposal_pocProcess__rY_ugEUvEeeqOMeGx-7jDA.jpg]]></thumbnailpath><name><![CDATA[proposal_poc-Process]]></name><modelname><![CDATA[proposal_poc]]></modelname><description/><changeDate><![CDATA[2017-06-16T12:09:14EDT]]></changeDate><author><![CDATA[Administrator]]></author><notes/><link><![CDATA[Process Model/proposal_poc.html#_rY_ugEUvEeeqOMeGx-7jDA]]></link><extrastuff/><iconpath><![CDATA[Process Model/images/BusinessServiceIcon.gif]]></iconpath></model></modelcontainer></index>