{
    "body": {
        "inputs": [
            {
                "name":"CaseList",
                "structured": [
                    {
                        "id": "id0",
                        "state": "ACTIVE",
                        "order": 1.0000,
                        "currentState": "currentState0",
                        "action": "action0",
                        "newState": "newState0",
                        "fhirState": "fhirState0"
                    },
                    {
                        "id": "id1",
                        "state": "ACTIVE",
                        "order": 2.0000,
                        "currentState": "currentState1",
                        "action": "action1",
                        "newState": "newState1",
                        "fhirState": "fhirState1"
                    },
                    {
                        "id": "id2",
                        "state": "ACTIVE",
                        "order": 3.0000,
                        "currentState": "currentState2",
                        "action": "action2",
                        "newState": "newState2",
                        "fhirState": "fhirState2"
                    },
                    {
                        "id": "id3",
                        "state": "ACTIVE",
                        "order": 4.0000,
                        "currentState": "currentState3",
                        "action": "action3",
                        "newState": "newState3",
                        "fhirState": "fhirState3"
                    }
                ]
            }
        ],
        "outputs": [

        ],
        "inouts": [

        ]
    }
}