{
  "swagger" : "2.0",
  "info" : {
    "version" : "1.0",
    "title" : "svcFileUpload",
    "description" : "svcFileUpload service"
  },
  "host" : "localhost:8080",
  "basePath" : "/",
  "schemes" : [ "http" ],
  "paths" : {
    "/svcfileupload" : {
      "post" : {
        "summary" : "SvcFileUpload",
        "description" : "SvcFileUpload",
        "operationId" : "svcfileupload",
        "consumes" : [ "application/json" ],
        "produces" : [ "application/json" ],
        "parameters" : [ {
          "name" : "body",
          "in" : "body",
          "description" : "",
          "schema" : {
            "$ref" : "#/definitions/Element"
          },
          "required" : true
        } ],
        "responses" : {
          "200" : {
            "description" : "a fileUploadResponseElement to be returned",
            "schema" : {
              "$ref" : "#/definitions/fileUploadResponseElement"
            }
          }
        }
      }
    }
  },
  "definitions" : {
    "fileUploadResponseElement" : {
      "type" : "object",
      "properties" : {
        "success" : {
          "type" : "boolean"
        }
      }
    },
    "Element" : {
      "type" : "object",
      "required" : [ "caseRef", "fileName", "caseId", "filePath" ],
      "properties" : {
        "caseRef" : {
          "type" : "string"
        },
        "caseId" : {
          "type" : "string"
        },
        "filePath" : {
          "type" : "string"
        },
        "fileName" : {
          "type" : "string"
        },
        "fileContent" : {
          "type" : "string"
        }
      }
    }
  }
}