{
    "body": {
        "inputs": [
            {
                "name":"CaseList",
                "structured": [
                    {
                        "id": "id0",
                        "state": "NEW",
                        "stateName": "stateName0",
                        "stateLocation": "stateLocation0"
                    },
                    {
                        "id": "id1",
                        "state": "NEW",
                        "stateName": "stateName1",
                        "stateLocation": "stateLocation1"
                    },
                    {
                        "id": "id2",
                        "state": "NEW",
                        "stateName": "stateName2",
                        "stateLocation": "stateLocation2"
                    },
                    {
                        "id": "id3",
                        "state": "NEW",
                        "stateName": "stateName3",
                        "stateLocation": "stateLocation3"
                    }
                ]
            }
        ],
        "outputs": [

        ],
        "inouts": [

        ]
    }
}